{
  "ci": {
    "collect": {
      "numberOfRuns": 3,
      "settings": {
        "chromeFlags": "--no-sandbox --headless --disable-gpu",
        "preset": "desktop",
        "throttling": {
          "rttMs": 40,
          "throughputKbps": 10240,
          "cpuSlowdownMultiplier": 1
        }
      }
    },
    "assert": {
      "assertions": {
        "categories:performance": ["error", {"minScore": 0.85}],
        "categories:accessibility": ["error", {"minScore": 0.95}],
        "categories:best-practices": ["error", {"minScore": 0.90}],
        "categories:seo": ["error", {"minScore": 0.85}],
        "categories:pwa": ["error", {"minScore": 0.90}]
      }
    },
    "upload": {
      "target": "temporary-public-storage"
    }
  }
}